model,auc,accuracy
LogisticRegression,0.9463574478598049,0.8806546587523949
RandomForest,0.9453666065246216,0.8647754769344964
XGBoost,0.9667325319799706,0.8968363136176066
